Spotify ID,Artist IDs,Track Name,Album Name,Artist Name(s),Release Date,Duration (ms),Popularity,Added By,Added At,Genres,Danceability,Energy,Key,Loudness,Mode,Speechiness,Acousticness,Instrumentalness,Liveness,Valence,Tempo,Time Signature
6dGnYIeXmHdcikdzNNDMm2,"3WrFJ7ztbogyGnTHbHJFl2","Here Comes The Sun - Remastered 2009","Abbey Road (Remastered)","The Beatles",1969-09-26,185733,81,spotify:user:danielpszczola1-pl,2024-04-24T13:16:47Z,"british invasion,classic rock,merseybeat,psychedelic rock,rock",0.557,0.54,9,-10.484,1,0.0347,0.0339,0.00248,0.179,0.394,129.177,4
65leXqfkdViSssEVN23uYL,"6USv9qhCn6zfxlBQIYJ9qs","Mama's Boy","Mama's Boy","Dominic Fike",2023-06-23,155721,63,spotify:user:danielpszczola1-pl,2024-04-03T07:51:00Z,"alternative pop rock,pov: indie",0.807,0.354,9,-7.554,1,0.0321,0.15,0.713,0.186,0.602,78.964,4
6me7F0aaZjwDo6RJ5MrfBD,"4qU7IJSReZnsLy5907Mtau","Evergreen","RMCM","Richy Mitch & The Coal Miners",2017-05-17,87000,84,spotify:user:danielpszczola1-pl,2024-04-03T07:51:07Z,"modern folk rock",0.555,0.216,3,-11.661,1,0.0721,0.557,0.00416,0.109,0.504,79.109,3
2bsC6KLZ6a9v6zdoDkziBL,"69tiO1fG8VWduDl3ji2qhI","Dirty Love","Mt. Joy","Mt. Joy",2018-03-02,164626,69,spotify:user:danielpszczola1-pl,2024-04-04T08:33:49Z,"pov: indie,stomp and holler",0.774,0.439,5,-7.612,0,0.0364,0.595,0.00127,0.109,0.661,125.088,4
3Z0qLOS0cqWKPHXkbTXmNF,"3Oim8XBPbznAa8Jj8QzNc8","Gilded Lily","Offering","Cults",2022-10-26,212736,73,spotify:user:danielpszczola1-pl,2024-04-04T08:38:03Z,"experimental pop,indie surf,pov: indie",0.4,0.571,11,-6.534,0,0.0288,0.468,0.0000305,0.519,0.146,61.859,4
5uu2OCGGrTRS1sIvlMgKwe,"4lhUHpVOXmkEBGGHV71QCh","i am not who i was","i am not who i was","Chance Peña",2023-09-21,145438,79,spotify:user:danielpszczola1-pl,2024-04-04T08:59:46Z,"singer-songwriter pop",0.697,0.22,0,-13.696,1,0.042,0.703,0,0.0891,0.194,129.966,4
6dpLxbF7lfCAnC9QRTjNLK,"52N3KGrTWDRhdQJrgBTofE","Home","Home","Good Neighbours",2024-01-17,157485,80,spotify:user:danielpszczola1-pl,2024-04-04T09:07:33Z,"",0.583,0.676,6,-4.44,1,0.0298,0.0289,0.0634,0.121,0.134,77.002,4
5hlPrSCx9BvnQ3rCTkblMZ,"5XKFrudbV4IiuE5WuTPRmT","High","Angel Face","Stephen Sanchez",2023-09-22,161567,74,spotify:user:danielpszczola1-pl,2024-04-08T05:39:45Z,"gen z singer-songwriter",0.432,0.714,6,-7.933,0,0.0384,0.0876,0.000788,0.27,0.322,176.009,4
37l31PrCNsg8baUjarNAi9,"7dIpKWlEeAljA20vFJ82RD","I Can't Handle Change","I Can't Handle Change","Roar",2010-03-14,198213,75,spotify:user:danielpszczola1-pl,2024-04-22T12:19:09Z,"pov: indie,weirdcore",0.247,0.438,5,-8.478,1,0.0358,0.0449,0.000942,0.111,0.391,185.703,3
5ZGM626be3ItMW4UPjfqdY,"6bUJpbekaIlq2fT5FMV2mQ","Nine Is God","The Music of Grand Theft Auto V, Vol. 1: Original Music","Wavves",2013-09-24,297293,42,spotify:user:danielpszczola1-pl,2024-04-22T12:26:08Z,"indie garage rock,indie rock,indie surf,lo-fi,noise pop,noise rock,nu gaze,san diego indie,surf punk",0.342,0.971,9,-4.694,1,0.0914,0.0000013,0.673,0.132,0.104,121.881,4
3B7cm8w1IAfOfgQHFvAsft,"52N3KGrTWDRhdQJrgBTofE","Keep It Up","Keep It Up","Good Neighbours",2024-04-05,156524,63,spotify:user:danielpszczola1-pl,2024-04-22T12:34:19Z,"",0.523,0.912,8,-3.867,1,0.0775,0.0517,0.00000145,0.102,0.392,88.829,4
6jHvX8ZnHKC1PnrPMJ0Emt,"26T3LtbuGT1Fu9m0eRq5X3","Cigarette Daydreams","Melophobia","Cage The Elephant",2013-10-08,208760,70,spotify:user:danielpszczola1-pl,2024-04-22T12:59:38Z,"modern alternative rock,modern rock,pov: indie,punk blues,rock",0.636,0.676,2,-3.442,1,0.0263,0.0807,0,0.0831,0.273,113.98,4
7tCHpjktA50ihtkLz6bAnn,"26T3LtbuGT1Fu9m0eRq5X3","Ain't No Rest For The Wicked - Original Version","Cage The Elephant","Cage The Elephant",2008-01-01,175493,64,spotify:user:danielpszczola1-pl,2024-04-22T13:00:00Z,"modern alternative rock,modern rock,pov: indie,punk blues,rock",0.635,0.914,0,-5.631,1,0.111,0.0597,0,0.601,0.922,156.014,4
7oWbeO9v3Cfs900q7JhLAs,"26T3LtbuGT1Fu9m0eRq5X3","Come A Little Closer","Melophobia","Cage The Elephant",2013-10-08,229346,62,spotify:user:danielpszczola1-pl,2024-04-22T13:00:44Z,"modern alternative rock,modern rock,pov: indie,punk blues,rock",0.44,0.778,1,-1.786,0,0.0327,0.0265,0.00000104,0.151,0.304,148.038,4
2enPRFda84VE2wtI8c86Uf,"3Oim8XBPbznAa8Jj8QzNc8","Always Forever","Static","Cults",2013-10-15,223746,75,spotify:user:danielpszczola1-pl,2024-04-22T13:10:47Z,"experimental pop,indie surf,pov: indie",0.174,0.742,8,-5.93,1,0.0485,0.00181,0.281,0.198,0.36,163.378,4
2Z5wXgysowvzl0nKGNGU0t,"4AcHt3JxKy59IX7JNNlZn4","Out of My League","More Than Just a Dream","Fitz and The Tantrums",2013-05-07,209386,71,spotify:user:danielpszczola1-pl,2024-04-22T14:57:46Z,"la indie,modern alternative rock,modern rock,pop rock,pov: indie",0.545,0.968,9,-3.553,0,0.0853,0.0387,0.00325,0.331,0.527,169.965,4
6jgkEbmQ2F2onEqsEhiliL,"3Sz7ZnJQBIHsXLUSo0OQtM","My Kind of Woman","2","Mac DeMarco",2012-10-16,190845,76,spotify:user:danielpszczola1-pl,2024-04-22T15:00:19Z,"edmonton indie,lo-fi indie,pov: indie,slacker rock",0.501,0.765,6,-7.063,0,0.0281,0.00294,0.49,0.184,0.46,91.771,4
4sNG6zQBmtq7M8aeeKJRMQ,"2D4FOOOtWycb3Aw9nY5n3c","Brazil","What Do You Think About the Car?","Declan McKenna",2017-04-13,252306,79,spotify:user:danielpszczola1-pl,2024-04-22T15:01:20Z,"pov: indie",0.687,0.617,4,-5.213,1,0.0287,0.0941,0.0000127,0.0898,0.665,121.079,4
474uVhyGgK5MtY9gMcDgGl,"4hz8tIajF2INpgM0qzPJz2","It's Called: Freefall","How to: Friend, Love, Freefall","Rainbow Kitten Surprise",2018-04-06,152293,75,spotify:user:danielpszczola1-pl,2024-04-22T15:03:24Z,"pov: indie",0.744,0.516,2,-6.365,1,0.0513,0.632,0,0.605,0.281,97.944,4
0BxE4FqsDD1Ot4YuBXwAPp,"7Ln80lUS6He07XvHI8qqHH","505","Favourite Worst Nightmare","Arctic Monkeys",2007-04-22,253586,80,spotify:user:danielpszczola1-pl,2024-04-22T15:06:01Z,"garage rock,modern rock,permanent wave,rock,sheffield indie",0.526,0.866,0,-5.822,1,0.0568,0.00287,0.0000778,0.0945,0.248,140.266,4
5XeFesFbtLpXzIVDNQP22n,"7Ln80lUS6He07XvHI8qqHH","I Wanna Be Yours","AM","Arctic Monkeys",2013-09-09,183956,87,spotify:user:danielpszczola1-pl,2024-04-22T15:06:19Z,"garage rock,modern rock,permanent wave,rock,sheffield indie",0.464,0.417,0,-9.345,0,0.0256,0.136,0.022,0.0974,0.479,67.528,4
5FVd6KXrgO9B3JPmC8OPst,"7Ln80lUS6He07XvHI8qqHH","Do I Wanna Know?","AM","Arctic Monkeys",2013-09-09,272394,81,spotify:user:danielpszczola1-pl,2024-04-22T15:06:41Z,"garage rock,modern rock,permanent wave,rock,sheffield indie",0.548,0.532,5,-7.596,1,0.0323,0.186,0.000263,0.217,0.405,85.03,4
1ZgMsA55GIY7ICkQh5MILA,"56ZTgzPBDge0OvCGgMO3OY","Space Song","Depression Cherry","Beach House",2015-08-28,320466,71,spotify:user:danielpszczola1-pl,2024-04-22T15:07:06Z,"baltimore indie,dream pop,dreamo,indie rock,indietronica,modern dream pop,pov: indie",0.508,0.786,0,-7.295,0,0.0293,0.226,0.14,0.143,0.611,147.077,4
1ZLroqJA8qoS5QEeCo0fA7,"3XHO7cRUPCLOr6jwp8vsx5","Breezeblocks","An Awesome Wave","alt-J",2012-05-28,227080,70,spotify:user:danielpszczola1-pl,2024-04-22T15:07:13Z,"indie rock,indietronica,modern alternative rock,modern rock,rock",0.611,0.645,5,-7.368,1,0.0378,0.118,0.00115,0.146,0.253,74.99,4
7yNf9YjeO5JXUE3JEBgnYc,"6USv9qhCn6zfxlBQIYJ9qs","Babydoll","Don't Forget About Me, Demos","Dominic Fike",2018-10-16,97960,82,spotify:user:danielpszczola1-pl,2024-04-22T15:07:23Z,"alternative pop rock,pov: indie",0.762,0.604,7,-5.296,0,0.11,0.114,0,0.0271,0.847,168.007,4
5v3MSh7CD3VNyCwAoSha5p,"7osFcSwjlRPwxZdVALIOuC","Half of forever","Half of forever","Henrik",2024-01-05,153250,74,spotify:user:danielpszczola1-pl,2024-04-22T15:08:54Z,"",0.75,0.313,9,-7.334,1,0.0298,0.733,0.0000901,0.259,0.478,76.507,4
08wnOyN1wyMaNrup3m353f,"63MQldklfxkjYDoUE4Tppz","My Tears Are Becoming a Sea","Hurry up, We're Dreaming","M83",2011-10-17,151826,60,spotify:user:danielpszczola1-pl,2024-04-22T15:14:55Z,"french shoegaze,french synthpop,indietronica,metropopolis,neo-synthpop",0.162,0.353,8,-11.286,0,0.0509,0.0993,0.274,0.575,0.0551,110.76,1
5HCXMBxZIVaVLXpyoqPM3g,"3YQKmKGau1PzlVlkL1iodx","Leave the City","Trench","Twenty One Pilots",2018-10-05,280493,53,spotify:user:danielpszczola1-pl,2024-04-22T15:15:31Z,"modern rock,pop,pov: indie,rock",0.506,0.379,4,-11.64,0,0.0334,0.726,0.00458,0.0956,0.299,134.985,4
6AvslIXIi9iaGvukefyVVK,"2HOMW1liAxI3URnEq95SMS","Bottom Of The Deep Blue Sea","Loner","MISSIO",2017-05-19,231586,50,spotify:user:danielpszczola1-pl,2024-04-22T15:16:51Z,"modern alternative rock,modern rock",0.573,0.754,4,-4.788,1,0.0329,0.0248,0.00019,0.104,0.241,132.964,4
0zms6rKU9lh6BbIrp1gDcZ,"7sOR7gk6XUlGnxj3p9F54k","Aawake At Night","3","half•alive",2017-04-24,199056,42,spotify:user:danielpszczola1-pl,2024-04-22T15:17:10Z,"alt z,pov: indie",0.592,0.728,7,-6.342,0,0.205,0.351,0.0000103,0.459,0.395,62.966,4
6IbCvfmmICEEAyDwQ9zcbt,"4yvcSjfu4PC0CYQyLy4wSq","I Don't Wanna Talk (I Just Wanna Dance)","Dreamland (+ Bonus Levels)","Glass Animals",2021-09-09,195190,59,spotify:user:danielpszczola1-pl,2024-04-22T15:17:43Z,"gauze pop,indietronica,modern rock,pov: indie,shiver pop",0.703,0.624,7,-6.228,1,0.0364,0.0156,0.0000553,0.299,0.808,131.966,4
44oCGRuPFy7Uz6w4KliMBS,"2HOMW1liAxI3URnEq95SMS,4rojTfP5nRkmYpdSbWQgV4","Sing To Me","Sing To Me","MISSIO,Death Stranding: Timefall",2019-11-06,189920,50,spotify:user:danielpszczola1-pl,2024-04-22T15:18:57Z,"modern alternative rock,modern rock,video game music",0.55,0.872,2,-4.742,0,0.0588,0.0864,0.000291,0.0617,0.618,142.041,4
1K3LRUEcUz5FMtPYyg0F45,"16oZKvXb6WkQlVAjwo2Wbg","Ho Hey","The Lumineers (Deluxe Edition)","The Lumineers",2012,163133,45,spotify:user:danielpszczola1-pl,2024-04-22T15:19:19Z,"folk-pop,modern rock,neo mellow,stomp and holler",0.682,0.471,0,-9.182,1,0.0302,0.768,0,0.0908,0.421,79.907,4
5HeKOKc4phmLn8e4I7EkzD,"3YQKmKGau1PzlVlkL1iodx","My Blood","Trench","Twenty One Pilots",2018-10-05,229120,65,spotify:user:danielpszczola1-pl,2024-04-22T15:19:32Z,"modern rock,pop,pov: indie,rock",0.749,0.723,1,-6.609,1,0.0432,0.0563,0.022,0.0977,0.674,108.999,4
5v4OkFH0TJ6W1hCFxyn0px,"6Ad91Jof8Niiw0lGLLi3NW","parents","weird!","YUNGBLUD",2020-12-04,171880,63,spotify:user:danielpszczola1-pl,2024-04-22T15:19:48Z,"british indie rock,modern rock,pov: indie,rock",0.612,0.824,7,-4.758,1,0.0478,0.013,0,0.288,0.586,82.017,4
3bnVBN67NBEzedqQuWrpP4,"3YQKmKGau1PzlVlkL1iodx","Tear in My Heart","Blurryface","Twenty One Pilots",2015-05-15,188493,69,spotify:user:danielpszczola1-pl,2024-04-22T15:20:00Z,"modern rock,pop,pov: indie,rock",0.655,0.632,2,-4.802,1,0.0489,0.0189,0,0.0722,0.447,120.113,4
3IyCL4Em1GOpNGDf451Hg1,"3lDpdwM8KILepMHqBWUhIA","Could Have Been Me","Everybody Wants","The Struts",2016-03-04,187653,67,spotify:user:danielpszczola1-pl,2024-04-22T15:20:33Z,"glam rock,modern alternative rock",0.541,0.907,4,-4.512,1,0.0642,0.0158,0.000185,0.34,0.434,80.029,4
3R4Xk37WTagjzODMNEQLvs,"53XhwfbYqKCa1cC15pYq2q","Bullet In A Gun","Origins (Deluxe)","Imagine Dragons",2018-11-09,204853,49,spotify:user:danielpszczola1-pl,2024-04-22T15:25:05Z,"modern rock,pop,rock",0.816,0.736,8,-5.495,1,0.0535,0.16,0.000108,0.0665,0.476,130.028,4
274tSPavv09i163nBnYrCU,"5tFRohaO5yEsuJxmMnlCO9","Kicks","The Attractions Of Youth","Barns Courtney",2017-09-29,195173,52,spotify:user:danielpszczola1-pl,2024-04-22T15:25:18Z,"modern alternative rock",0.64,0.83,10,-5.43,0,0.0652,0.129,0,0.29,0.62,95.004,4
1NCZMAnGrzUmpBzkBlJjNw,"0e86yPdC41PGRkLp2Q1Bph","It's Alright","Dance And Cry","Mother Mother",2018-11-02,175000,54,spotify:user:danielpszczola1-pl,2024-04-22T15:25:35Z,"canadian indie rock,pov: indie,vancouver indie",0.711,0.382,8,-10.146,1,0.04,0.625,0,0.241,0.62,128.023,4
2PFnwW05Wh0MYkfZxSwfuf,"6TLwD7HPWuiOzvXEa3oCNe","Miracle Man","Ugly is Beautiful","Oliver Tree",2020-07-17,125051,50,spotify:user:danielpszczola1-pl,2024-04-22T15:33:49Z,"alternative hip hop",0.67,0.477,0,-7.774,1,0.0308,0.0932,0,0.414,0.662,140.029,4
4Oyl6oYSNeeZZP0OAxPVaU,"3YQKmKGau1PzlVlkL1iodx","Message Man","Blurryface","Twenty One Pilots",2015-05-15,240080,58,spotify:user:danielpszczola1-pl,2024-04-22T15:34:02Z,"modern rock,pop,pov: indie,rock",0.715,0.838,2,-6.077,0,0.118,0.0897,0,0.15,0.497,120.007,4
1edgaGx2x2AQeWtL2OPEMW,"3YQKmKGau1PzlVlkL1iodx","Never Take It","Scaled And Icy","Twenty One Pilots",2021-05-21,212706,52,spotify:user:danielpszczola1-pl,2024-04-22T15:34:14Z,"modern rock,pop,pov: indie,rock",0.747,0.733,9,-5.724,1,0.0278,0.00997,0.0043,0.0703,0.775,117.973,4
00mVQQeFPy7LkMfGtH1sq1,"6Irs7fI5Xuwhx38JhtarDu","I DON'T KNOW WHAT TO SAY","Crying In The Pit","Younger Hunger",2021-07-09,109333,36,spotify:user:danielpszczola1-pl,2024-04-22T15:35:01Z,"modern indie pop",0.564,0.359,5,-7.049,0,0.0283,0.5,0,0.147,0.585,99.897,4
5G1sTBGbZT5o4PNRc75RKI,"7mnBLXK823vNxN3UWB7Gfz","Lonely Boy","El Camino","The Black Keys",2011-12-06,193653,75,spotify:user:danielpszczola1-pl,2024-04-22T15:35:46Z,"alternative rock,blues rock,garage rock,indie rock,indietronica,modern blues rock,modern rock,punk blues,rock",0.356,0.872,2,-7.837,1,0.068,0.00417,0.00975,0.0997,0.607,166.3,4
4yffABDkB5A9flvr9vQFck,"7mnBLXK823vNxN3UWB7Gfz","Howlin' for You","Brothers (Deluxe Remastered Anniversary Edition)","The Black Keys",2020-12-18,191956,61,spotify:user:danielpszczola1-pl,2024-04-22T15:36:16Z,"alternative rock,blues rock,garage rock,indie rock,indietronica,modern blues rock,modern rock,punk blues,rock",0.725,0.747,11,-5.545,1,0.0876,0.0272,0.0468,0.104,0.38,132.921,4
6gi7qsHSH2JWZsTRHndxqm,"4ZgQDCtRqZlhLswVS6MHN4,3KedxarmBCyFBevnqQHy3P","Rain (from The Suicide Squad)","Rain (from The Suicide Squad)","grandson,Jessie Reyez",2021-06-22,236040,52,spotify:user:danielpszczola1-pl,2024-04-22T15:39:09Z,"modern alternative rock,modern rock,rock,canadian contemporary r&b,canadian pop",0.483,0.643,10,-6.872,0,0.0404,0.0135,0.0000704,0.361,0.219,125.938,4
0qt5f5EL92o8Snzopsv0en,"6VxCmtR7S3yz4vnzsJqhSV","Geronimo","Bombs Away","Sheppard",2015-01-12,218227,69,spotify:user:danielpszczola1-pl,2024-04-22T15:48:22Z,"australian indie,australian pop,folk-pop",0.706,0.78,7,-6.267,1,0.0795,0.451,0.00141,0.115,0.451,142.029,4
5sUSZx5d2bThAZa4iS7cfu,"3AQRLZ9PuTAozP28Skbq8V","Paint the Town Green","No Sound Without Silence","The Script",2014-09-15,211800,46,spotify:user:danielpszczola1-pl,2024-04-22T15:48:43Z,"celtic rock,pop",0.647,0.822,2,-4.923,1,0.0378,0.00508,0.0000684,0.184,0.739,119.987,4
3DamFFqW32WihKkTVlwTYQ,"07QEuhtrNmmZ0zEcqE9SF6","Fireflies","Ocean Eyes","Owl City",2009-01-01,228346,73,spotify:user:danielpszczola1-pl,2024-04-22T15:49:42Z,"indietronica,pop",0.512,0.662,3,-6.797,1,0.0439,0.0275,0,0.118,0.472,180.114,4
3Fzlg5r1IjhLk2qRw667od,"6xeFne1rkxMhKSW3ipvkdV","Dancing in the Moonlight","Onka's Big Moka","Toploader",2000,232693,76,spotify:user:danielpszczola1-pl,2024-04-22T15:50:18Z,"british alternative rock",0.632,0.856,10,-3.463,1,0.0348,0.0624,0,0.347,0.867,119.397,4
4ofwffwvvnbSkrMSCKQDaC,"2ysnwxxNtSgbb9t1m2Ur4j","Shotgun","Staying at Tamara's","George Ezra",2018-03-23,201287,72,spotify:user:danielpszczola1-pl,2024-04-22T15:51:12Z,"folk-pop,neo-singer-songwriter",0.673,0.735,5,-4.733,1,0.0457,0.286,0,0.242,0.754,115.744,4
3IQF4xCQUPicbA4hWfTxPo,"5Pwc4xIPtQLFEnJriah9YJ","I Lived","Native","OneRepublic",2013-01-01,234546,71,spotify:user:danielpszczola1-pl,2024-04-22T15:51:50Z,"piano rock,pop",0.593,0.85,9,-5.456,1,0.0447,0.0678,0,0.271,0.344,119.984,4
3CRDbSIZ4r5MsZ0YwxuEkn,"3YQKmKGau1PzlVlkL1iodx","Stressed Out","Blurryface","Twenty One Pilots",2015-05-15,202333,80,spotify:user:danielpszczola1-pl,2024-04-22T15:52:30Z,"modern rock,pop,pov: indie,rock",0.734,0.637,4,-5.677,0,0.141,0.0462,0.0000229,0.0602,0.648,169.977,4
1CDVadnneswMxi6gBqJTtC,"3YQKmKGau1PzlVlkL1iodx","Legend","Trench","Twenty One Pilots",2018-10-05,172560,54,spotify:user:danielpszczola1-pl,2024-04-22T15:52:49Z,"modern rock,pop,pov: indie,rock",0.716,0.575,0,-6.209,1,0.0368,0.0948,0.000257,0.0829,0.797,85.937,4
2Z8WuEywRWYTKe1NybPQEW,"3YQKmKGau1PzlVlkL1iodx","Ride","Blurryface","Twenty One Pilots",2015-05-15,214506,80,spotify:user:danielpszczola1-pl,2024-04-22T15:52:56Z,"modern rock,pop,pov: indie,rock",0.645,0.713,6,-5.355,1,0.0393,0.00835,0,0.113,0.566,74.989,4
1W7ughJhjRaANaAUcxTfnC,"53XhwfbYqKCa1cC15pYq2q","Children of the Sky (a Starfield song)","Children of the Sky (a Starfield song)","Imagine Dragons",2023-08-30,207611,63,spotify:user:danielpszczola1-pl,2024-04-22T15:53:26Z,"modern rock,pop,rock",0.485,0.53,4,-8.874,0,0.0436,0.234,0,0.123,0.218,82.549,4
5ZpAU5f4jxj6i9XoKK0RaI,"0e86yPdC41PGRkLp2Q1Bph","Burning Pile","O My Heart","Mother Mother",2008-09-23,262173,68,spotify:user:danielpszczola1-pl,2024-04-22T19:54:31Z,"canadian indie rock,pov: indie,vancouver indie",0.515,0.755,5,-3.724,1,0.0383,0.0633,0.00101,0.107,0.165,140.101,4
4Skkx52Dh8yo4G1ijAEGs3,"3bO19AOone0ubCsfDXDtYt","Solo","Solo","Myles Smith",2023-11-15,199756,74,spotify:user:danielpszczola1-pl,2024-04-24T05:38:52Z,"singer-songwriter pop",0.586,0.439,0,-7.993,1,0.0346,0.715,0,0.117,0.365,122.877,4
4ZEw5uS9RY6M6lEjsu7w8Q,"3bO19AOone0ubCsfDXDtYt","My Home","My Home","Myles Smith",2023-10-13,206250,69,spotify:user:danielpszczola1-pl,2024-04-24T05:39:14Z,"singer-songwriter pop",0.753,0.485,11,-9.431,1,0.035,0.345,0.00104,0.192,0.547,95.968,4
4ilUlZEEDIoQEHNQCyufL0,"3bO19AOone0ubCsfDXDtYt","Sweet Love","You Promised A Lifetime","Myles Smith",2024-03-29,149605,66,spotify:user:danielpszczola1-pl,2024-04-24T05:40:42Z,"singer-songwriter pop",0.729,0.571,6,-7.06,1,0.0285,0.478,0,0.402,0.833,91.981,4
68EkhVWIeULhHxcbi1QhzK,"6s22t5Y3prQHyaHWUN1R1C","World's Smallest Violin","OK ORCHESTRA","AJR",2021-03-26,180746,64,spotify:user:danielpszczola1-pl,2024-04-24T05:42:51Z,"pov: indie",0.68,0.697,5,-7.01,1,0.0484,0.121,0,0.661,0.684,116.033,4
6pRYZrJTQ8yYvhVfhTZ70Q,"7oPftvlwr6VrsViSDV7fJY","Basket Case - 4-track demo","Dookie (30th Anniversary 4-Track Demos)","Green Day",2023-08-17,187970,29,spotify:user:danielpszczola1-pl,2024-04-24T10:43:27Z,"modern rock,permanent wave,punk,rock",0.377,0.582,3,-12.818,1,0.0428,0.214,0.000184,0.181,0.5,81.121,4
1G391cbiT3v3Cywg8T7DM1,"0L8ExT028jH3ddEcZwqJJ5","Scar Tissue","Californication (Deluxe Edition)","Red Hot Chili Peppers",1999-06-08,215906,79,spotify:user:danielpszczola1-pl,2024-04-24T10:44:17Z,"alternative rock,funk metal,funk rock,permanent wave,rock",0.595,0.717,0,-4.803,1,0.0295,0.0779,0.00274,0.108,0.547,88.969,4
5Hroj5K7vLpIG4FNCRIjbP,"0MlOPi3zIDMVrfA9R04Fe3","Best Day Of My Life","Oh, What A Life","American Authors",2014-01-01,194240,75,spotify:user:danielpszczola1-pl,2024-04-24T10:45:25Z,"modern rock,pop rock",0.673,0.902,2,-2.392,1,0.0346,0.0591,0.000227,0.0558,0.536,100.012,4
19kX6hSlYH31js2SL4jgrj,"3YQKmKGau1PzlVlkL1iodx","Mulberry Street","Scaled And Icy","Twenty One Pilots",2021-05-21,224398,58,spotify:user:danielpszczola1-pl,2024-04-24T10:45:46Z,"modern rock,pop,pov: indie,rock",0.674,0.535,2,-7.114,1,0.0518,0.0138,0,0.326,0.716,170.188,4
6zDs6zI94L761vd0cVScTT,"0MlOPi3zIDMVrfA9R04Fe3","I'm Born To Run","What We Live For","American Authors",2016-07-01,206920,58,spotify:user:danielpszczola1-pl,2024-04-24T10:46:03Z,"modern rock,pop rock",0.62,0.93,8,-5.615,1,0.0486,0.0662,0,0.0788,0.675,126.041,4
2DFi8rwHcVkTTgu7PULhtI,"1dWEYMPtNmvSVaDNLgB6NV","My Type","My Type","Saint Motel",2014-06-17,206393,67,spotify:user:danielpszczola1-pl,2024-04-24T10:46:13Z,"la indie,modern alternative rock,modern rock,pov: indie",0.596,0.897,10,-2.94,1,0.0462,0.0641,0.0000524,0.0628,0.578,118,4
4RxdAzEmkPXTiIU6ULLoXh,"164Uj4eKjl6zTBKfJLFKKK","this is what heartbreak feels like","this is what ____ feels like (Vol. 1-4)","JVKE",2022-09-23,157636,64,spotify:user:danielpszczola1-pl,2024-04-24T10:46:34Z,"modern indie pop,pov: indie,singer-songwriter pop",0.707,0.474,1,-4.603,1,0.0672,0.578,0,0.11,0.538,109.991,4
5zcoYCmeIL392as1bwIYce,"0fTSzq9jAh4c36UVb4V7CB","Chasing Shadows","Chasing Shadows","Alex Warren",2022-12-02,164027,63,spotify:user:danielpszczola1-pl,2024-04-24T10:47:38Z,"gen z singer-songwriter,singer-songwriter pop",0.779,0.604,1,-8.039,0,0.0403,0.556,0,0.112,0.404,120.017,4
0Oqc0kKFsQ6MhFOLBNZIGX,"00FQb4jTyendYWaN8pK0wa","Doin' Time","Norman Fucking Rockwell!","Lana Del Rey",2019-08-30,202192,75,spotify:user:danielpszczola1-pl,2024-04-24T10:49:22Z,"art pop,pop",0.641,0.559,7,-11.132,0,0.0355,0.404,0.00402,0.0937,0.523,144.982,4
1v1oIWf2Xgh54kIWuKsDf6,"1WgXqy2Dd70QQOU7Ay074N","Runaway","All My Demons Greeting Me As A Friend (Deluxe)","AURORA",2016-03-11,248826,71,spotify:user:danielpszczola1-pl,2024-04-24T10:50:48Z,"art pop,norwegian pop",0.422,0.302,11,-9.214,1,0.0372,0.629,0.0000783,0.104,0.123,114.089,4
6r6n5OmXkdsOxN2iCj5UE0,"1WgXqy2Dd70QQOU7Ay074N","Running With The Wolves","All My Demons Greeting Me As A Friend (Deluxe)","AURORA",2016-03-11,194760,57,spotify:user:danielpszczola1-pl,2024-04-24T10:51:35Z,"art pop,norwegian pop",0.531,0.568,5,-5.53,1,0.0571,0.253,0.000077,0.26,0.438,164.127,4
4yNk9iz9WVJikRFle3XEvn,"164Uj4eKjl6zTBKfJLFKKK","golden hour","this is what falling in love feels like (554Hz)","JVKE",2022-10-03,209259,74,spotify:user:danielpszczola1-pl,2024-04-24T10:51:50Z,"modern indie pop,pov: indie,singer-songwriter pop",0.515,0.593,4,-4.801,1,0.0322,0.653,0.162,0.25,0.153,94.467,3
3BJe4B8zGnqEdQPMvfVjuS,"00FQb4jTyendYWaN8pK0wa","Summertime Sadness","Born To Die - The Paradise Edition","Lana Del Rey",2012-01-01,265427,79,spotify:user:danielpszczola1-pl,2024-04-24T10:52:07Z,"art pop,pop",0.565,0.654,1,-6.826,0,0.0335,0.0542,0.0000018,0.122,0.235,111.968,4
3taCbWWTilb7eNMsAzOBq4,"00FQb4jTyendYWaN8pK0wa","Radio","Born To Die - The Paradise Edition","Lana Del Rey",2012-01-01,214573,73,spotify:user:danielpszczola1-pl,2024-04-24T10:52:38Z,"art pop,pop",0.423,0.857,2,-5.173,1,0.0687,0.188,0.0000263,0.105,0.196,75.024,4
0hsRliMWS1BE3Z14u1BRnr,"33NVpKoXjItPwUJTMZIOiY","Daylight - Cinematic","Daylight (Reimagined)","David Kushner",2023-08-18,242307,49,spotify:user:danielpszczola1-pl,2024-04-24T10:53:19Z,"gen z singer-songwriter,singer-songwriter pop",0.352,0.485,5,-6.072,1,0.0308,0.227,0.03,0.469,0.0972,128.664,4
7z3NjKBqjv3d1ykXCFQxaT,"5dtPlx7yKOo7KdZGyrfFIq","Fat Funny Friend","Fat Funny Friend","Maddie Zahm",2022-02-04,199764,60,spotify:user:danielpszczola1-pl,2024-04-24T10:54:56Z,"alt z",0.498,0.452,0,-7.887,1,0.124,0.625,0,0.0836,0.265,107.728,4
2QjOHCTQ1Jl3zawyYOpxh6,"77SW9BnxLY8rJ0RciFqkHh","Sweater Weather","I Love You.","The Neighbourhood",2013-04-19,240400,86,spotify:user:danielpszczola1-pl,2024-04-24T10:57:47Z,"modern alternative rock,modern rock,pop",0.612,0.807,10,-2.81,1,0.0336,0.0495,0.0177,0.101,0.398,124.053,4
2u0CelO5c81XS7z3dGpHbS,"77SW9BnxLY8rJ0RciFqkHh","The Beach","Wiped Out!","The Neighbourhood",2015-10-30,255133,68,spotify:user:danielpszczola1-pl,2024-04-24T11:00:20Z,"modern alternative rock,modern rock,pop",0.245,0.64,2,-7.426,0,0.0608,0.131,0.00000811,0.0766,0.105,135.739,4
5v8aEcHcaJIGYpfVVPtJjI,"77SW9BnxLY8rJ0RciFqkHh","Wires","I'm Sorry...","The Neighbourhood",2013-05-08,193080,58,spotify:user:danielpszczola1-pl,2024-04-24T11:01:08Z,"modern alternative rock,modern rock,pop",0.568,0.569,7,-6.013,0,0.0329,0.0004,0.102,0.342,0.266,72.991,4
6K4t31amVTZDgR3sKmwUJJ,"5INjqkS1o8h1imAzPqGZBb","The Less I Know The Better","Currents","Tame Impala",2015-07-17,216320,81,spotify:user:danielpszczola1-pl,2024-04-24T11:01:20Z,"australian psych,modern rock,neo-psychedelic,rock",0.64,0.74,4,-4.083,1,0.0284,0.0115,0.00678,0.167,0.785,116.879,4
1cxttvflVlYD4QA34tR5Yj,"0pCNk4D3E2xtszsm6hMsWr,4AGwPDdh1y8hochNzHy5HC","High Enough - RAC Remix","High Enough (RAC Remix)","K.Flay,RAC",2017-08-04,208866,57,spotify:user:danielpszczola1-pl,2024-04-24T11:01:57Z,"escape room,hip pop,modern alternative rock,indietronica,metropopolis,nu disco,shimmer pop",0.324,0.681,7,-4.697,1,0.0373,0.24,0.354,0.0783,0.294,132.993,3
3q5Zm5NnYcpXKLNmTO1tyo,"3DFoVPonoAAt4EZ1FEI8ue","Astronaut","Don't You Worry, Honey","Sir Sly",2017-06-30,224382,45,spotify:user:danielpszczola1-pl,2024-04-24T11:08:02Z,"indietronica,la indie,modern alternative rock,modern rock,shimmer pop",0.63,0.589,7,-8.11,1,0.0275,0.0752,0.552,0.32,0.314,112.013,4
6dNJ3lasVLPd0078T9yqlm,"3yEnArbNHyTCwMRvD9SBy4","Joker And The Thief","Wolfmother","Wolfmother",2005-01-01,279666,57,spotify:user:danielpszczola1-pl,2024-04-24T11:08:28Z,"alternative rock,australian psych,garage rock,modern blues rock,modern rock,rock",0.264,0.8,0,-2.427,1,0.0537,0.0195,0.00744,0.406,0.465,155.558,4
6JDMChLzb326JIKoakDFyw,"09J4zbHHwNNlN2tfgJIg21","Letter in a Suitcase","Love & Drugs","Anarbor",2022-09-02,150532,50,spotify:user:danielpszczola1-pl,2024-04-24T11:08:41Z,"neon pop punk,pop emo,pop punk",0.451,0.735,4,-6.16,0,0.0506,0.324,0.00000772,0.473,0.35,84.48,4
0LSzBkkQZZkwV656r6etLg,"4ZgQDCtRqZlhLswVS6MHN4","Bury Me Face Down","Bury Me Face Down","grandson",2016-12-16,231666,51,spotify:user:danielpszczola1-pl,2024-04-24T11:14:05Z,"modern alternative rock,modern rock,rock",0.39,0.629,1,-4.876,0,0.0469,0.0187,0.0000412,0.0658,0.162,141.983,4
2Wc2tcQl7cPetPKeXH3GD3,"100sLnojEpcadRx4edEBA6","East of Eden","Kicker","Zella Day",2015-01-01,186213,53,spotify:user:danielpszczola1-pl,2024-04-24T11:15:09Z,"alt z,electropop,gauze pop,indie poptimism",0.598,0.803,1,-3.203,0,0.0349,0.0355,0.0000966,0.107,0.567,122.889,4
4DZ1owekDuxYANUMiqe4mA,"1oyUjl52ohRrCv3EL1UdpM","Rob A Bank","Rob A Bank","Confetti",2019-09-06,173684,57,spotify:user:danielpszczola1-pl,2024-04-24T11:15:33Z,"la pop",0.647,0.815,1,-3.87,0,0.26,0.00598,0,0.0955,0.59,152.154,4
5r5cp9IpziiIsR6b93vcnQ,"67hb7towEyKvt5Z8Bx306c","Walking On A Dream","Walking On A Dream (10th Anniversary Edition)","Empire Of The Sun",2008-10-03,198440,75,spotify:user:danielpszczola1-pl,2024-04-24T11:16:07Z,"australian dance,australian electropop,dance rock,indietronica,neo-synthpop",0.871,0.701,5,-5.594,0,0.0458,0.257,0.00000752,0.0589,0.716,126.975,4
5hM5arv9KDbCHS0k9uqwjr,"5INjqkS1o8h1imAzPqGZBb","Borderline","The Slow Rush","Tame Impala",2020-02-14,237800,77,spotify:user:danielpszczola1-pl,2024-04-24T11:17:38Z,"australian psych,modern rock,neo-psychedelic,rock",0.621,0.873,5,-3.067,0,0.0369,0.0406,0.0000091,0.0824,0.873,97.96,4
3hxIUxnT27p5WcmjGUXNwx,"35WVTyRnKAoaGExqgktVyb","Shut up My Moms Calling","Shut up My Moms Calling","Hotel Ugly",2020-02-10,164571,83,spotify:user:danielpszczola1-pl,2024-04-29T10:10:36Z,"modern indie pop",0.485,0.409,9,-10.711,0,0.101,0.325,0,0.103,0.376,138.419,4
7nzsY8vlnKdvGOEE0rjAXZ,"7Ln80lUS6He07XvHI8qqHH","Arabella","AM","Arctic Monkeys",2013-09-09,207356,71,spotify:user:danielpszczola1-pl,2024-04-29T11:11:01Z,"garage rock,modern rock,permanent wave,rock,sheffield indie",0.579,0.558,2,-6.986,1,0.0895,0.0202,0.00000126,0.212,0.506,179.949,4
7gUvAzKQ651eGm16AqcTbP,"16oZKvXb6WkQlVAjwo2Wbg","Ophelia","The Leading Ladies","The Lumineers",2024-02-05,160097,72,spotify:user:danielpszczola1-pl,2024-04-29T11:11:26Z,"folk-pop,modern rock,neo mellow,stomp and holler",0.664,0.573,5,-6.519,1,0.0277,0.613,0.000363,0.0857,0.566,76.02,4
0GO8y8jQk1PkHzS31d699N,"3kVUvbeRdcrqQ3oHk5hPdx","Tongue Tied","Never Trust a Happy Song","GROUPLOVE",2011-09-02,218013,76,spotify:user:danielpszczola1-pl,2024-04-29T11:12:01Z,"indie rock,la indie,modern alternative rock,modern rock,pov: indie",0.56,0.936,3,-5.835,1,0.0439,0.00847,0,0.161,0.371,112.96,4
0NdTUS4UiNYCNn5FgVqKQY,"7Ln80lUS6He07XvHI8qqHH","Snap Out Of It","AM","Arctic Monkeys",2013-09-09,193030,73,spotify:user:danielpszczola1-pl,2024-05-06T05:17:28Z,"garage rock,modern rock,permanent wave,rock,sheffield indie",0.728,0.638,5,-6.455,0,0.0336,0.249,0,0.116,0.872,130.014,4
1Q3t9fWvHUXKsMmpD2XpUu,"26T3LtbuGT1Fu9m0eRq5X3","Cold Cold Cold","Tell Me I'm Pretty","Cage The Elephant",2015-12-18,214386,63,spotify:user:danielpszczola1-pl,2024-05-06T05:17:45Z,"modern alternative rock,modern rock,pov: indie,punk blues,rock",0.549,0.789,5,-6.071,1,0.0313,0.0178,0.000067,0.059,0.715,136.125,4
1170VohRSx6GwE6QDCHPPH,"6p2HnfM955TI1bX34dkLnI","Kilby Girl","When We Were Friends","The Backseat Lovers",2019-01-27,282205,70,spotify:user:danielpszczola1-pl,2024-05-06T19:28:42Z,"pov: indie,slc indie",0.329,0.444,1,-9.973,1,0.0417,0.0578,0.0352,0.113,0.225,162.279,4
4AFsRbaLKRWo3dDtjDFA2V,"73sIBHcqh3Z3NyqHKZ7FOL","Me and Your Mama","Awaken, My Love!","Childish Gambino",2016-12-02,379226,74,spotify:user:danielpszczola1-pl,2024-05-06T19:37:00Z,"atl hip hop,hip hop,rap",0.545,0.442,5,-12.111,1,0.0352,0.0104,0.0271,0.0664,0.242,118.073,3
3eFepXGITXNDXXHUNqouxi,"26T3LtbuGT1Fu9m0eRq5X3","Shake Me Down","Thank You Happy Birthday","Cage The Elephant",2011-01-01,211373,44,spotify:user:danielpszczola1-pl,2024-05-18T19:30:37Z,"modern alternative rock,modern rock,pov: indie,punk blues,rock",0.457,0.613,9,-5.756,1,0.0295,0.00463,0.000406,0.0711,0.132,105.111,4
71iSmEeF0qRVyULABxP75P,"1moxjboGR7GNWYIMWsRjgG","Shake It Out","Ceremonials (Original Deluxe Version)","Florence + The Machine",2011-01-01,277600,64,spotify:user:danielpszczola1-pl,2024-05-18T19:33:26Z,"baroque pop,modern rock,neo mellow,uk alternative pop",0.519,0.798,10,-4.204,1,0.0377,0.00864,0,0.107,0.212,107.509,4
1LAlLBTGBUO0MDA8IbSysd,"3YQKmKGau1PzlVlkL1iodx","Overcompensate","Clancy","Twenty One Pilots",2024-05-24,236000,71,spotify:user:danielpszczola1-pl,2024-05-29T06:30:24Z,"modern rock,pop,pov: indie,rock",0.363,0.891,5,-5.563,0,0.0978,0.00992,0.00183,0.134,0.331,95.089,4
6fNaHkjAxP6rI2sZhT7QJn,"3YQKmKGau1PzlVlkL1iodx","Backslide","Clancy","Twenty One Pilots",2024-05-24,180000,72,spotify:user:danielpszczola1-pl,2024-05-29T06:32:30Z,"modern rock,pop,pov: indie,rock",0.684,0.652,3,-6.258,1,0.26,0.128,0,0.0719,0.541,85.104,4
3mRM4NM8iO7UBqrSigCQFH,"1LZEQNv7sE11VDY3SdxQeN","Stayin' Alive - From Saturday Night Fever Soundtrack","Greatest","Bee Gees",1979-01-01,285373,72,spotify:user:danielpszczola1-pl,2024-06-06T17:43:13Z,"disco,mellow gold,soft rock",0.703,0.827,10,-7.179,0,0.0343,0.032,0.00636,0.179,0.944,103.564,4
49OMJ1prsRA7ZYgrAjz70c,"1LZEQNv7sE11VDY3SdxQeN","More Than A Woman","Greatest","Bee Gees",1979-01-01,197213,74,spotify:user:danielpszczola1-pl,2024-06-06T17:43:18Z,"disco,mellow gold,soft rock",0.632,0.683,7,-6.434,1,0.0385,0.163,0.00013,0.847,0.701,105.959,4
7hdNTegC0TCKKoxB6GTFH3,"4sTQVOfp9vEMCemLw50sbu,1Cs0zKBU1kc0i8ypK3B9ai,5Rl15oVamLq7FbSb0NNBNy","Lighter","Lighter","Galantis,David Guetta,5 Seconds of Summer",2024-03-01,172268,67,spotify:user:danielpszczola1-pl,2024-06-06T17:44:58Z,"dance pop,edm,pop,pop dance,big room,boy band",0.674,0.799,6,-4.889,1,0.0368,0.133,0,0.0525,0.578,124.933,4
60eOMEt3WNVX1m1jmApmnX,"4kI8Ie27vjvonwaB2ePh8T","Live in the Moment","Woodstock","Portugal. The Man",2017-06-16,246786,59,spotify:user:danielpszczola1-pl,2024-06-20T06:25:28Z,"indie rock,indietronica,modern alternative rock,modern rock",0.546,0.583,6,-7.317,0,0.0348,0.002,0.173,0.115,0.235,128.017,4
0FDtfURDoNGv0sjNnvscPR,"5tFRohaO5yEsuJxmMnlCO9","99","404","Barns Courtney",2019-09-06,198866,47,spotify:user:danielpszczola1-pl,2024-06-20T07:19:29Z,"modern alternative rock",0.549,0.807,8,-4.32,1,0.0312,0.00605,0,0.127,0.689,95.98,4
